station,date,obs,pred
고령,2017-03-21,23.500000000000004,32.5991096496582
고령,2017-09-12,54.89999999999998,32.60457229614258
고령,2017-11-21,23.600000000000005,9.610872268676758
고령,2018-01-10,13.4,14.51586627960205
고령,2018-02-14,19.499999999999996,20.229026794433594
고령,2018-03-06,34.20000000000001,56.56145095825195
고령,2018-04-10,24.500000000000004,20.53970718383789
고령,2018-04-25,31.599999999999998,44.193153381347656
고령,2018-10-02,10.5,8.212145805358887
고령,2018-10-17,12.599999999999996,14.20668888092041
고령,2018-11-06,36.20000000000001,25.31366729736328
고령,2019-10-22,15.3,12.657527923583984
고령,2020-02-04,26.89999999999999,22.31935691833496
고령,2020-04-14,43.099999999999994,35.79200744628906
고령,2020-06-23,29.199999999999992,37.2183723449707
고령,2020-11-10,46.39999999999999,55.263336181640625
고령,2020-12-15,29.199999999999992,23.762046813964844
고령,2021-03-10,42.400000000000006,41.87220001220703
고령,2022-01-04,7.999999999999998,10.719329833984375
고령,2022-03-15,15.3,17.777143478393555
고령,2022-04-19,22.499999999999996,24.703311920166016
고령,2022-05-24,4.9,13.034785270690918
고령,2022-11-15,14.899999999999997,6.11886739730835
고령,2022-12-20,24.400000000000002,30.93316078186035
고령,2023-05-09,6.4,5.612832069396973
고령,2023-10-11,24.3,25.201290130615234
고령,2023-12-05,17.7,24.52628517150879
고령,2024-01-24,27.500000000000004,26.69985008239746
고령,2024-08-06,12.300000000000002,35.2846565246582
고령,2024-09-10,192.50000000000006,43.70652770996094
고령,2024-11-19,3.0000000000000004,21.68876075744629
고령,2025-05-08,6.299999999999999,10.670214653015137
구미,2017-08-28,17.8,41.571861267089844
구미,2018-01-15,6.200000000000001,10.677718162536621
구미,2018-05-15,23.299999999999997,8.498756408691406
구미,2018-10-02,30.099999999999998,33.72755432128906
구미,2018-11-26,36.099999999999994,26.026742935180664
구미,2019-01-15,16.400000000000002,10.380093574523926
구미,2019-04-15,17.899999999999995,22.62869644165039
구미,2020-06-08,3.1,9.339080810546875
구미,2020-10-06,15.0,6.373269557952881
구미,2020-10-26,55.000000000000014,47.53538131713867
구미,2021-06-08,51.70000000000001,23.173908233642578
구미,2022-04-19,13.2,6.726180076599121
구미,2022-05-24,9.2,22.881919860839844
구미,2022-08-22,29.799999999999997,30.590299606323242
구미,2022-10-11,60.300000000000004,35.98326110839844
구미,2023-05-09,8.5,8.54541015625
구미,2023-10-11,10.8,12.953876495361328
구미,2023-11-20,8.9,13.315556526184082
구미,2024-01-24,33.10000000000001,27.127962112426758
구미,2024-02-13,37.1,33.1666374206543
구미,2024-02-28,5.3,6.1337199211120605
구미,2024-06-12,38.699999999999996,29.832746505737305
구미,2024-10-10,15.400000000000002,36.67277526855469
구미,2024-10-30,31.900000000000002,39.4256477355957
구미,2025-03-19,9.8,5.510796546936035
구미,2025-05-28,10.5,8.384121894836426
구미,2025-07-09,29.89999999999999,30.61285972595215
구미,2025-08-21,27.400000000000002,21.896503448486328
구포,2018-02-14,44.199999999999996,24.99034881591797
구포,2018-05-10,23.400000000000002,23.485008239746094
구포,2018-10-17,9.8,14.577980995178223
구포,2019-05-30,7.1000000000000005,19.5336971282959
구포,2019-11-06,43.0,50.68405532836914
구포,2020-02-24,36.800000000000004,28.709016799926758
구포,2020-03-25,31.1,23.122867584228516
구포,2020-06-23,42.29999999999999,63.70496368408203
구포,2021-02-03,61.89999999999999,49.69474411010742
구포,2021-03-10,44.50000000000001,28.42372703552246
구포,2021-04-14,26.299999999999997,13.038435935974121
구포,2022-05-04,23.700000000000003,8.821518898010254
구포,2023-10-11,93.50000000000001,67.69921112060547
구포,2023-11-15,22.299999999999997,50.62007522583008
구포,2023-12-20,17.999999999999996,12.273740768432617
구포,2024-01-24,51.400000000000006,32.0150032043457
구포,2024-01-29,51.300000000000004,27.60832405090332
구포,2024-06-12,40.89999999999999,28.69631576538086
구포,2024-11-19,44.199999999999996,25.308481216430664
구포,2024-12-04,9.8,11.942529678344727
구포,2025-03-24,43.9,29.6455135345459
구포,2025-05-08,5.1,13.102994918823242
구포,2025-07-09,12.500000000000002,20.078868865966797
구포,2025-08-18,47.9,24.543502807617188
금곡,2017-08-28,37.400000000000006,52.418582916259766
금곡,2018-01-15,32.1,17.281843185424805
금곡,2018-05-15,10.9,13.591537475585938
금곡,2018-10-02,13.899999999999999,6.143420219421387
금곡,2018-11-06,19.800000000000004,44.224769592285156
금곡,2018-11-26,28.2,21.075641632080078
금곡,2019-01-15,46.099999999999994,35.47040557861328
금곡,2019-04-15,5.8,6.7056121826171875
금곡,2020-06-08,12.500000000000002,19.14222526550293
금곡,2020-10-06,31.199999999999996,39.33123016357422
금곡,2020-10-26,9.600000000000001,13.217680931091309
금곡,2021-06-08,26.2,15.664101600646973
금곡,2022-04-19,4.4,14.217988014221191
금곡,2022-05-24,13.4,15.816307067871094
금곡,2022-08-22,47.60000000000001,53.101280212402344
금곡,2022-10-11,18.999999999999996,18.692272186279297
금곡,2022-11-15,11.8,14.498257637023926
금곡,2023-05-09,6.200000000000001,7.232409477233887
금곡,2023-10-11,62.19999999999998,51.026676177978516
금곡,2023-10-16,53.7,47.54806900024414
금곡,2023-11-20,11.199999999999998,9.499046325683594
금곡,2024-05-13,27.300000000000008,26.05082893371582
금곡,2024-09-10,22.099999999999998,28.15397834777832
금곡,2024-12-04,7.499999999999999,7.880423545837402
금곡,2024-12-09,13.099999999999998,17.52420997619629
금곡,2025-01-13,47.29999999999999,36.758121490478516
금곡,2025-08-18,27.300000000000008,21.003082275390625
남강7,2016-11-01,31.499999999999993,31.40789222717285
남강7,2017-03-21,22.8,27.980548858642578
남강7,2017-04-10,16.099999999999998,18.919527053833008
남강7,2017-09-12,27.8,39.53584671020508
남강7,2017-11-21,11.499999999999998,24.277904510498047
남강7,2017-12-11,18.999999999999996,29.59894561767578
남강7,2018-01-15,9.1,13.636856079101562
남강7,2018-03-06,23.200000000000003,18.15180778503418
남강7,2018-03-26,8.4,6.456597328186035
남강7,2018-07-24,43.60000000000001,41.42967224121094
남강7,2018-08-13,59.400000000000006,22.88132095336914
남강7,2018-09-27,107.4,55.36622619628906
남강7,2019-01-15,7.800000000000002,6.018884658813477
남강7,2019-04-15,9.400000000000002,9.13041877746582
남강7,2019-12-16,11.199999999999998,19.357423782348633
남강7,2020-06-08,16.600000000000005,28.91820526123047
남강7,2020-10-06,44.099999999999994,43.55340576171875
남강7,2020-10-26,30.5,42.26888656616211
남강7,2021-01-04,8.4,17.631181716918945
남강7,2021-02-08,20.899999999999995,17.900564193725586
남강7,2021-12-20,65.50000000000003,67.24333190917969
남강7,2022-02-03,34.099999999999994,34.98323059082031
남강7,2022-04-19,11.8,9.487278938293457
남강7,2022-05-24,11.3,12.26165771484375
남강7,2022-08-22,27.999999999999996,31.821205139160156
남강7,2022-10-11,54.3,46.139137268066406
남강7,2022-11-15,17.100000000000005,34.053226470947266
남강7,2023-03-20,26.89999999999999,10.254209518432617
남강7,2023-05-09,9.2,10.050393104553223
남강7,2023-10-11,97.80000000000001,47.47862243652344
남강7,2023-10-16,37.400000000000006,39.68891906738281
남강7,2023-11-20,35.79999999999999,43.519187927246094
남강7,2024-01-29,9.3,6.443145275115967
남강7,2024-05-13,31.799999999999997,25.278470993041992
남강7,2024-09-10,41.10000000000001,40.454627990722656
남강7,2024-12-04,6.0,10.533975601196289
남강7,2024-12-09,8.9,14.2720947265625
남강7,2025-04-28,31.0,13.412528991699219
남강7,2025-08-18,17.0,18.05976104736328
남지,2017-03-21,20.7,24.115068435668945
남지,2017-09-12,34.900000000000006,41.34332275390625
남지,2017-11-21,18.300000000000004,14.957918167114258
남지,2018-03-06,29.000000000000004,33.67813491821289
남지,2018-04-10,25.6,14.551173210144043
남지,2018-07-24,29.89999999999999,27.686691284179688
남지,2018-09-27,73.60000000000001,51.28684997558594
남지,2018-10-02,25.899999999999995,22.915542602539062
남지,2018-11-06,57.6,44.53700256347656
남지,2019-01-15,13.7,13.88874340057373
남지,2019-06-04,21.6,39.47278594970703
남지,2019-10-22,17.0,14.396659851074219
남지,2020-02-04,37.699999999999996,32.40010070800781
남지,2020-04-14,6.499999999999999,9.043865203857422
남지,2020-10-06,42.7,39.65484619140625
남지,2021-01-19,35.199999999999996,20.47838592529297
남지,2022-01-04,15.799999999999997,8.398391723632812
남지,2022-04-19,15.3,10.101713180541992
남지,2022-05-24,4.4,12.017659187316895
남지,2022-11-15,17.999999999999996,6.709225177764893
남지,2022-12-20,23.0,8.886487007141113
남지,2023-05-09,5.3,9.81981086730957
남지,2023-08-02,46.2,29.074617385864258
남지,2023-10-11,26.000000000000004,27.8983211517334
남지,2024-05-13,15.499999999999998,14.06324291229248
남지,2024-08-06,11.199999999999998,44.398681640625
남지,2024-11-19,22.499999999999996,29.054119110107422
남지,2024-12-09,45.70000000000001,39.22697067260742
남지,2025-04-08,2.5,7.073460578918457
남지,2025-04-28,15.900000000000004,15.907986640930176
남지,2025-05-08,29.199999999999992,15.74134349822998
논공,2017-03-21,48.29999999999999,36.778995513916016
논공,2017-04-10,33.7,26.329553604125977
논공,2017-08-28,15.0,24.495574951171875
논공,2017-09-12,24.599999999999998,44.8134765625
논공,2017-12-11,14.299999999999999,27.842130661010742
논공,2018-01-15,20.3,34.63850021362305
논공,2018-03-06,48.29999999999999,51.18238067626953
논공,2018-03-26,34.4,36.17405319213867
논공,2018-04-30,53.199999999999996,35.7148551940918
논공,2018-08-13,9.3,23.23166275024414
논공,2018-09-27,7.800000000000002,10.538139343261719
논공,2018-11-26,14.1,9.029889106750488
논공,2019-04-15,26.2,16.406452178955078
논공,2019-12-16,19.600000000000005,30.8667049407959
논공,2020-06-08,17.0,12.494688034057617
논공,2020-10-26,37.5,35.72416687011719
논공,2020-11-30,12.0,12.53285026550293
논공,2021-01-04,34.60000000000001,29.364805221557617
논공,2021-02-08,57.00000000000001,43.74149703979492
논공,2021-03-15,41.70000000000001,40.895233154296875
논공,2021-12-20,10.8,12.038095474243164
논공,2022-02-03,12.700000000000001,18.23514175415039
논공,2022-04-04,22.900000000000002,27.569183349609375
논공,2022-05-09,3.5999999999999996,15.472095489501953
논공,2022-08-22,11.1,14.795146942138672
논공,2022-10-31,1.2,10.298992156982422
논공,2023-03-20,29.89999999999999,37.28284454345703
논공,2023-09-11,9.400000000000002,22.34499740600586
논공,2023-10-16,29.500000000000004,22.88190460205078
논공,2023-11-20,12.300000000000002,13.361003875732422
논공,2024-02-13,23.0,29.400545120239258
논공,2024-03-04,21.8,18.22930335998535
논공,2024-05-13,9.9,15.432165145874023
논공,2024-11-19,12.700000000000001,19.762027740478516
논공,2024-12-09,12.4,18.667545318603516
논공,2025-03-24,21.499999999999996,27.87030601501465
논공,2025-04-28,7.900000000000002,5.274573802947998
논공,2025-08-18,23.200000000000003,43.17279052734375
다사,2017-09-12,12.799999999999999,34.410682678222656
다사,2017-12-11,9.699999999999998,8.788491249084473
다사,2018-02-19,17.0,12.034214973449707
다사,2018-03-06,42.2,32.92807388305664
다사,2018-03-26,34.4,26.489944458007812
다사,2018-09-27,13.300000000000002,10.774893760681152
다사,2018-10-02,9.000000000000002,10.0162992477417
다사,2019-12-16,31.699999999999996,26.527313232421875
다사,2020-10-26,26.000000000000004,29.269161224365234
다사,2020-11-30,18.600000000000005,11.694217681884766
다사,2021-11-15,9.3,6.0068230628967285
다사,2021-12-20,10.699999999999998,10.47391414642334
다사,2022-02-03,11.3,14.080268859863281
다사,2022-04-04,22.4,20.516021728515625
다사,2022-10-11,33.6,28.645320892333984
다사,2022-10-31,1.9,21.625823974609375
다사,2023-10-16,29.500000000000004,25.727190017700195
다사,2023-11-20,7.400000000000001,7.189563751220703
다사,2024-05-13,11.499999999999998,15.493671417236328
다사,2024-12-09,12.700000000000001,12.521814346313477
다사,2025-08-18,36.0,36.510581970214844
달성,2017-09-12,44.99999999999999,17.33445167541504
달성,2018-05-15,11.7,23.141687393188477
달성,2019-01-15,7.900000000000002,13.450578689575195
달성,2020-04-14,27.8,16.573686599731445
달성,2020-11-10,5.1,7.233768463134766
달성,2021-03-10,29.400000000000002,34.68655776977539
달성,2021-06-08,11.9,14.9568510055542
달성,2022-02-08,12.0,19.457191467285156
달성,2023-05-09,6.299999999999999,6.789266109466553
달성,2023-10-11,24.8,27.87085723876953
달성,2024-09-10,8.8,12.482312202453613
대암리,2017-03-21,40.49999999999999,35.62208557128906
대암리,2017-11-21,4.1,8.195379257202148
대암리,2018-05-15,19.600000000000005,18.285247802734375
대암리,2018-07-24,8.8,20.84461784362793
대암리,2018-10-02,10.4,8.078737258911133
대암리,2018-11-06,46.099999999999994,33.21700668334961
대암리,2019-01-15,9.500000000000002,16.981674194335938
대암리,2019-09-17,37.99999999999999,33.892913818359375
대암리,2019-10-22,14.1,8.729848861694336
대암리,2020-06-08,9.600000000000001,10.019396781921387
대암리,2020-10-06,45.70000000000001,30.94717788696289
대암리,2020-10-26,42.400000000000006,36.32337951660156
대암리,2021-06-08,6.4,5.816588878631592
대암리,2021-11-15,13.099999999999998,13.198689460754395
대암리,2022-04-19,21.200000000000003,10.39692211151123
대암리,2022-05-24,6.200000000000001,12.129682540893555
대암리,2022-08-22,9.400000000000002,12.265332221984863
대암리,2022-10-11,27.0,40.73966598510742
대암리,2022-11-15,6.499999999999999,11.303781509399414
대암리,2023-01-19,8.9,9.142189979553223
대암리,2023-02-08,12.0,17.05076026916504
대암리,2023-11-15,42.7,39.51517105102539
대암리,2024-09-10,8.5,34.19140625
대암리,2024-09-25,3.5999999999999996,24.976980209350586
대암리,2024-12-04,21.200000000000003,15.290660858154297
대암리,2025-04-08,18.9,8.97799301147461
덕곡,2017-04-10,32.0,20.450109481811523
덕곡,2017-08-28,17.899999999999995,35.87712478637695
덕곡,2017-09-12,34.20000000000001,37.985679626464844
덕곡,2017-12-11,11.4,10.64786434173584
덕곡,2017-12-26,12.4,10.895854949951172
덕곡,2018-01-15,19.4,17.92279052734375
덕곡,2018-02-19,28.9,15.490843772888184
덕곡,2018-03-06,36.599999999999994,47.256900787353516
덕곡,2018-03-26,61.39999999999997,49.16805648803711
덕곡,2018-04-30,62.09999999999999,17.286102294921875
덕곡,2018-06-04,9.400000000000002,18.967195510864258
덕곡,2018-08-13,62.99999999999999,29.780426025390625
덕곡,2018-11-26,26.8,14.636200904846191
덕곡,2019-04-15,15.400000000000002,16.450437545776367
덕곡,2019-12-16,29.400000000000002,38.91397476196289
덕곡,2020-06-08,11.4,10.432024955749512
덕곡,2020-10-26,46.49999999999999,36.44258499145508
덕곡,2020-11-30,6.1,6.822570323944092
덕곡,2021-01-04,24.1,22.13397789001465
덕곡,2021-02-08,36.3,30.195890426635742
덕곡,2021-03-15,60.8,34.780582427978516
덕곡,2021-11-15,9.8,9.6605806350708
덕곡,2021-12-20,11.9,11.696375846862793
덕곡,2022-04-04,34.099999999999994,21.005399703979492
덕곡,2022-05-09,1.4,6.52465295791626
덕곡,2022-10-11,40.39999999999999,40.883811950683594
덕곡,2022-10-31,3.4,19.76466178894043
덕곡,2023-03-20,9.400000000000002,9.308222770690918
덕곡,2023-09-11,11.199999999999998,15.014680862426758
덕곡,2023-11-20,7.400000000000001,6.291396617889404
덕곡,2024-02-13,24.500000000000004,19.596086502075195
덕곡,2024-03-04,27.9,17.338085174560547
덕곡,2024-05-13,10.699999999999998,9.85351848602295
덕곡,2024-08-26,15.699999999999998,28.07597541809082
덕곡,2024-11-19,12.599999999999996,12.019610404968262
덕곡,2025-01-13,16.400000000000002,7.625026702880859
덕곡,2025-03-24,23.500000000000004,18.400123596191406
덕곡,2025-04-28,1.8,7.942320823669434
덕곡,2025-07-29,15.900000000000004,35.80964660644531
덕곡,2025-08-18,12.1,42.32795333862305
물금,2016-11-01,44.400000000000006,34.62641906738281
물금,2017-12-26,32.89999999999999,17.566543579101562
물금,2018-01-15,18.300000000000004,16.739078521728516
물금,2018-05-15,10.9,15.431374549865723
물금,2018-09-27,24.400000000000002,11.112700462341309
물금,2018-10-02,12.500000000000002,13.738966941833496
물금,2018-11-06,35.79999999999999,38.74687194824219
물금,2018-11-26,42.89999999999999,25.82190704345703
물금,2019-01-15,43.9,29.610898971557617
물금,2019-04-15,6.200000000000001,7.426952362060547
물금,2019-12-16,8.100000000000001,9.404584884643555
물금,2020-06-08,14.799999999999997,20.570749282836914
물금,2020-10-06,38.599999999999994,43.1643180847168
물금,2020-10-26,8.3,13.819826126098633
물금,2021-01-04,12.4,10.287832260131836
물금,2021-02-08,45.79999999999999,38.24204635620117
물금,2021-06-08,25.899999999999995,15.52663803100586
물금,2021-12-20,6.1,6.2583699226379395
물금,2022-04-19,7.599999999999998,7.135411739349365
물금,2022-05-24,35.9,16.20676040649414
물금,2022-08-22,67.79999999999997,63.183231353759766
물금,2022-10-11,14.799999999999997,15.137407302856445
물금,2022-11-15,8.2,7.143041610717773
물금,2023-03-20,12.1,11.395844459533691
물금,2023-05-09,2.8,10.568061828613281
물금,2023-10-11,61.7,66.49192810058594
물금,2023-10-16,63.2,48.92900848388672
물금,2023-11-20,5.700000000000001,9.152627944946289
물금,2024-01-29,38.99999999999999,31.253442764282227
물금,2024-03-04,36.0,33.12218475341797
물금,2024-05-13,22.000000000000004,21.959196090698242
물금,2024-09-10,35.199999999999996,38.33665084838867
물금,2024-12-04,11.3,9.972186088562012
물금,2024-12-09,12.799999999999999,21.13827133178711
물금,2025-01-13,30.299999999999997,12.559751510620117
물금,2025-04-28,2.4,7.565195560455322
물금,2025-08-18,20.7,20.6866397857666
밀양강4,2017-08-28,35.199999999999996,52.8741455078125
밀양강4,2018-02-19,5.6,8.481403350830078
밀양강4,2018-03-06,12.9,12.041529655456543
밀양강4,2018-03-26,5.6,10.881964683532715
밀양강4,2018-07-24,55.499999999999986,26.69392967224121
밀양강4,2020-02-04,4.1,6.6520609855651855
밀양강4,2020-04-14,14.399999999999999,17.931976318359375
밀양강4,2020-11-10,10.199999999999998,8.401494026184082
밀양강4,2021-01-19,84.29999999999998,42.31341552734375
밀양강4,2021-11-15,22.7,14.118433952331543
밀양강4,2022-04-04,19.499999999999996,28.405824661254883
밀양강4,2023-01-19,9.699999999999998,8.145298957824707
밀양강4,2023-02-08,12.300000000000002,15.577310562133789
밀양강4,2023-11-15,2.8,8.42459487915039
밀양강4,2024-05-13,5.9,7.8079915046691895
밀양강4,2024-09-10,20.4,39.63958740234375
밀양강4,2024-09-25,1.9,23.494741439819336
밀양강4,2024-12-04,7.300000000000001,7.960183620452881
밀양강4,2025-01-13,9.9,12.997390747070312
밀양강4,2025-08-18,37.599999999999994,45.53661346435547
북면,2018-01-15,14.899999999999997,24.511985778808594
북면,2018-03-06,30.89999999999999,40.53826141357422
북면,2018-03-26,38.699999999999996,16.015121459960938
북면,2018-07-24,34.4,29.406606674194336
북면,2019-09-17,53.3,35.93341064453125
북면,2019-10-22,15.0,16.731760025024414
북면,2020-02-04,36.099999999999994,28.385318756103516
북면,2020-04-14,11.1,9.898011207580566
북면,2020-06-23,34.099999999999994,35.21499252319336
북면,2020-11-10,4.0,10.27199649810791
북면,2021-01-19,18.2,21.518779754638672
북면,2021-11-15,10.6,10.075873374938965
북면,2022-03-15,7.400000000000001,11.151751518249512
북면,2022-04-04,30.099999999999998,33.100433349609375
북면,2023-01-19,13.7,8.838422775268555
북면,2023-02-08,13.0,12.46435546875
북면,2023-11-15,24.3,27.628629684448242
북면,2024-11-19,18.1,11.684383392333984
북면,2025-03-19,17.100000000000005,10.618109703063965
성주,2017-09-12,21.4,34.90742111206055
성주,2018-05-15,12.4,21.76543617248535
성주,2019-01-15,11.1,14.707124710083008
성주,2020-04-14,19.4,32.85722351074219
성주,2020-11-10,4.6,7.365763187408447
성주,2021-03-10,23.200000000000003,24.936084747314453
성주,2023-05-09,2.0,8.65403938293457
성주,2023-10-11,42.099999999999994,26.437679290771484
성주,2024-09-10,44.199999999999996,28.453683853149414
왜관,2016-11-01,66.10000000000002,43.84355545043945
왜관,2017-04-10,16.400000000000002,16.877662658691406
왜관,2017-09-12,11.9,12.038141250610352
왜관,2018-01-15,13.999999999999996,10.11484146118164
왜관,2018-03-06,22.900000000000002,30.979305267333984
왜관,2018-03-26,24.200000000000003,18.50875473022461
왜관,2018-06-04,14.299999999999999,18.23868751525879
왜관,2018-08-13,25.100000000000005,22.496971130371094
왜관,2018-11-26,48.2,28.41725730895996
왜관,2019-04-15,14.299999999999999,17.544897079467773
왜관,2019-12-16,69.00000000000001,65.02124786376953
왜관,2020-06-08,7.499999999999999,9.134148597717285
왜관,2020-10-26,46.49999999999999,36.56422805786133
왜관,2021-01-04,37.900000000000006,27.12224578857422
왜관,2021-02-08,43.49999999999999,39.89028549194336
왜관,2021-03-15,32.70000000000001,29.76132583618164
왜관,2021-11-15,14.899999999999997,22.904178619384766
왜관,2021-12-20,16.199999999999996,9.979732513427734
왜관,2022-04-04,19.900000000000002,14.797712326049805
왜관,2022-05-09,2.8,8.384743690490723
왜관,2022-08-22,23.299999999999997,21.293926239013672
왜관,2022-10-11,18.9,11.028926849365234
왜관,2023-10-16,10.4,16.484384536743164
왜관,2023-11-20,6.1,8.408388137817383
왜관,2024-01-29,32.1,38.52146530151367
왜관,2024-03-04,8.2,8.29227066040039
왜관,2024-05-13,20.200000000000003,17.517623901367188
왜관,2025-01-13,9.1,8.248517990112305
왜관,2025-03-24,5.1,14.851616859436035
왜관,2025-04-28,3.8999999999999995,11.522618293762207
용산,2016-11-11,29.500000000000004,27.147502899169922
용산,2017-08-28,47.79999999999999,26.379690170288086
용산,2017-11-21,6.700000000000001,7.542486190795898
용산,2018-05-15,21.099999999999998,14.934601783752441
용산,2018-11-06,40.60000000000001,39.13429260253906
용산,2018-11-26,26.5,33.440284729003906
용산,2019-01-15,11.9,12.459567070007324
용산,2019-04-15,18.1,14.555549621582031
용산,2020-06-08,3.2,8.635247230529785
용산,2020-10-06,18.800000000000004,30.429698944091797
용산,2020-10-26,53.00000000000001,44.27592468261719
용산,2021-06-08,3.8999999999999995,7.10939884185791
용산,2022-04-19,14.399999999999999,8.120859146118164
용산,2022-05-09,25.100000000000005,14.10039234161377
용산,2023-01-19,11.9,18.66499900817871
용산,2023-02-08,14.299999999999999,17.872976303100586
용산,2023-05-24,18.9,17.24281883239746
용산,2023-11-15,25.899999999999995,32.620243072509766
용산,2025-01-13,6.700000000000001,6.87840461730957
용산,2025-08-18,20.4,41.29542922973633
임해진,2017-04-10,23.099999999999998,14.779757499694824
임해진,2018-08-13,64.4,40.083595275878906
임해진,2020-06-08,13.999999999999996,18.1109561920166
임해진,2022-05-09,7.999999999999998,11.990342140197754
임해진,2022-08-22,34.4,27.668792724609375
임해진,2022-10-11,29.599999999999998,52.13779067993164
임해진,2023-09-11,24.500000000000004,21.608882904052734
임해진,2024-05-13,25.299999999999997,22.710092544555664
임해진,2024-10-10,19.200000000000003,35.36860275268555
임해진,2024-12-04,41.4,35.93839645385742
창녕,2017-03-21,31.599999999999998,31.555328369140625
창녕,2017-09-12,49.99999999999999,40.74749755859375
창녕,2017-11-21,5.4,7.344256401062012
창녕,2018-03-06,40.0,38.636051177978516
창녕,2018-05-15,20.3,12.623970031738281
창녕,2018-07-24,30.000000000000004,28.588830947875977
창녕,2018-11-06,66.80000000000003,42.31639099121094
창녕,2019-01-15,11.1,18.569793701171875
창녕,2019-06-04,8.5,16.48421859741211
창녕,2019-10-22,12.799999999999999,11.79975414276123
창녕,2020-02-04,35.199999999999996,25.605022430419922
창녕,2020-04-14,9.2,11.852577209472656
창녕,2020-06-23,49.3,23.208744049072266
창녕,2020-10-06,40.39999999999999,45.35234832763672
창녕,2021-01-19,53.60000000000001,38.14328384399414
창녕,2022-01-04,8.599999999999998,8.4074125289917
창녕,2022-04-19,20.3,19.990968704223633
창녕,2022-05-24,17.999999999999996,9.895410537719727
창녕,2022-11-15,11.4,12.034809112548828
창녕,2022-12-20,19.200000000000003,17.638561248779297
창녕,2023-05-09,8.2,7.79371452331543
창녕,2023-10-11,31.1,23.908174514770508
창녕,2024-05-13,14.2,10.039972305297852
창녕,2024-11-19,22.000000000000004,14.832111358642578
창녕,2024-12-09,45.9,35.66647720336914
창녕,2025-04-08,1.8,10.711036682128906
창녕,2025-04-28,2.2,8.530994415283203
창녕,2025-05-08,5.700000000000001,7.914727687835693
칠곡,2017-08-28,9.699999999999998,18.66054344177246
칠곡,2017-09-12,10.6,29.403841018676758
칠곡,2018-03-06,25.299999999999997,27.121414184570312
칠곡,2018-03-26,25.299999999999997,22.649932861328125
칠곡,2018-04-30,26.299999999999997,31.19066619873047
칠곡,2018-09-27,12.4,10.889705657958984
칠곡,2018-11-26,48.7,31.17130470275879
칠곡,2019-04-15,19.100000000000005,16.30685806274414
칠곡,2019-12-16,71.09999999999997,58.23334503173828
칠곡,2020-06-08,3.5,6.247922420501709
칠곡,2020-10-26,49.99999999999999,46.284725189208984
칠곡,2020-11-30,23.099999999999998,20.429025650024414
칠곡,2021-02-08,40.70000000000001,40.9909782409668
칠곡,2021-11-15,14.7,24.48039436340332
칠곡,2022-02-03,13.2,14.09699821472168
칠곡,2022-04-04,21.4,19.437557220458984
칠곡,2022-05-09,3.2,6.643887042999268
칠곡,2022-08-22,18.7,36.03304672241211
칠곡,2022-10-11,22.4,25.270158767700195
칠곡,2023-03-20,16.400000000000002,18.480224609375
칠곡,2023-09-11,13.999999999999996,36.08264923095703
칠곡,2023-10-16,16.400000000000002,18.66077423095703
칠곡,2023-11-20,7.999999999999998,6.079095363616943
칠곡,2024-02-13,30.5,34.169715881347656
칠곡,2024-05-13,17.4,17.780427932739258
칠곡,2024-08-26,8.699999999999998,26.525732040405273
칠곡,2024-11-19,4.4,8.292545318603516
칠곡,2024-12-09,14.399999999999999,20.07815170288086
칠곡,2025-04-28,3.3,7.41604471206665
칠곡,2025-08-18,15.199999999999998,31.172500610351562
하남,2017-03-21,21.499999999999996,19.785764694213867
하남,2017-09-12,48.900000000000006,43.68108367919922
하남,2017-11-21,13.600000000000001,16.48726463317871
하남,2018-03-06,32.1,32.86994934082031
하남,2018-04-10,36.400000000000006,29.084209442138672
하남,2018-07-24,103.99999999999999,36.122108459472656
하남,2018-09-27,37.99999999999999,26.604278564453125
하남,2018-10-02,56.3,39.651039123535156
하남,2018-11-06,52.00000000000001,39.20370864868164
하남,2019-01-15,17.100000000000005,10.724327087402344
하남,2019-06-04,12.700000000000001,30.595136642456055
하남,2019-10-22,29.500000000000004,16.63480567932129
하남,2020-02-04,38.1,28.96234130859375
하남,2020-04-14,17.0,8.53864860534668
하남,2020-06-23,54.2,44.516441345214844
하남,2020-10-06,64.30000000000003,53.81167984008789
하남,2021-01-19,20.5,19.811237335205078
하남,2022-01-04,15.999999999999998,9.834720611572266
하남,2022-03-15,6.9,16.794198989868164
하남,2022-04-19,9.400000000000002,11.150289535522461
하남,2022-05-24,7.999999999999998,23.70713233947754
하남,2022-11-15,11.3,13.737351417541504
하남,2022-12-20,7.300000000000001,9.96021842956543
하남,2023-05-09,6.0,6.257099628448486
하남,2023-10-11,62.09999999999999,49.32578659057617
하남,2024-05-13,27.199999999999992,22.792940139770508
하남,2024-05-28,9.2,7.132779598236084
하남,2024-08-06,72.69999999999997,21.773082733154297
하남,2024-11-19,27.60000000000001,26.191850662231445
하남,2024-12-09,59.1,41.81277084350586
하남,2025-04-08,1.5,6.665262699127197
하남,2025-04-28,17.3,7.092541217803955
하남,2025-05-08,20.200000000000003,17.37957191467285
함안,2024-02-13,26.5,24.998092651367188
함안,2024-03-04,19.699999999999996,18.360010147094727
함안,2024-05-13,26.000000000000004,19.988826751708984
함안,2024-12-09,27.9,27.945236206054688
함안,2025-01-13,10.4,8.924056053161621
함안,2025-03-24,10.000000000000002,22.88734245300293
함안,2025-04-28,18.999999999999996,5.522404670715332
함안,2025-08-18,25.700000000000003,25.982955932617188
합천,2017-04-10,13.300000000000002,14.97097396850586
합천,2019-01-15,7.7,11.447918891906738
합천,2020-06-08,6.0,13.426587104797363
합천,2021-06-08,2.8,11.71651554107666
합천,2022-08-22,16.600000000000005,20.439453125
합천,2022-10-11,32.89999999999999,44.21484375
합천,2023-01-19,14.399999999999999,11.041388511657715
합천,2023-11-15,24.999999999999996,35.27113723754883
현풍,2017-04-10,37.699999999999996,33.28328323364258
현풍,2018-01-15,19.900000000000002,31.057353973388672
현풍,2018-08-13,31.4,38.935829162597656
현풍,2020-06-08,16.700000000000003,15.083283424377441
현풍,2022-08-22,15.400000000000002,15.341266632080078
현풍,2022-10-11,20.3,21.103105545043945
현풍,2023-09-11,17.899999999999995,16.990198135375977
현풍,2025-01-13,11.199999999999998,10.859996795654297
현풍,2025-08-18,41.29999999999999,43.995765686035156
화원나루,2018-01-15,12.700000000000001,11.37214469909668
화원나루,2018-10-02,5.700000000000001,7.630739212036133
화원나루,2019-01-15,7.900000000000002,9.647130966186523
화원나루,2020-02-04,13.7,20.75023078918457
화원나루,2020-11-10,15.100000000000003,16.297199249267578
화원나루,2021-01-19,35.79999999999999,33.1014289855957
화원나루,2022-08-22,10.5,28.012577056884766
화원나루,2022-10-11,30.699999999999996,17.190847396850586
화원나루,2023-05-09,4.8,7.270315170288086
화원나루,2023-10-11,21.300000000000004,25.178417205810547
화원나루,2024-02-13,20.3,29.59095001220703
화원나루,2024-05-13,8.4,12.216941833496094
화원나루,2025-01-13,4.999999999999999,6.62717866897583
화원나루,2025-08-18,39.9,42.8400764465332
